,url,URL_length,Num_ofDots,Token_Count,Avg_TokenCount,Domain_TokenCnt,Avg_Domain TokenLength,No_of Hyphen,No_of Question Mark,No_of At,Presence_IP,Host_len,ASN,iframe_dimen,iframe_visibility,Suspected_func_usage,Html_tagCnt,Link_cnt,label
0,http://google.com,17,1,3,1.0,2,1.0,0,0,0,0,10,15169,0,0,0,1,1,0
1,http://facebook.com,19,1,3,1.0,2,1.0,0,0,0,0,12,32934,0,0,0,0,0,0
2,http://youtube.com,18,1,3,1.0,2,1.0,0,0,0,0,11,15169,0,0,0,0,0,0
3,http://yahoo.com,16,1,3,1.0,2,1.0,0,0,0,0,9,36647,0,0,0,0,0,0
4,http://baidu.com,16,1,3,1.0,2,1.0,0,0,0,0,9,4808,0,0,0,1,0,0
5,http://wikipedia.org,20,1,3,1.0,2,1.0,0,0,0,0,13,14907,0,0,0,0,0,0
6,http://qq.com,13,1,3,1.0,2,1.0,0,0,0,0,6,4837,0,0,0,1,0,0
7,http://linkedin.com,19,1,3,1.0,2,1.0,0,0,0,0,12,-1,0,0,0,0,0,0
8,http://live.com,15,1,3,1.0,2,1.0,0,0,0,0,8,8075,0,0,0,0,0,0
9,http://twitter.com,18,1,3,1.0,2,1.0,0,0,0,0,11,-1,0,0,0,0,0,0
10,http://amazon.com,17,1,3,1.0,2,1.0,0,0,0,0,10,16509,0,0,0,1,0,0
11,http://taobao.com,17,1,3,1.0,2,1.0,0,0,0,0,10,37963,0,0,0,1,0,0
12,http://blogspot.com,19,1,3,1.0,2,1.0,0,0,0,0,12,15169,0,0,0,1,1,0
13,http://google.co.in,19,2,4,1.0,3,1.0,0,0,0,0,12,15169,0,0,0,1,1,0
14,http://wordpress.com,20,1,3,1.0,2,1.0,0,0,0,0,13,2635,0,0,0,1,0,0
15,http://sina.com.cn,18,2,4,1.0,3,1.0,0,0,0,0,11,4808,0,0,0,1,0,0
16,http://yandex.ru,16,1,3,1.0,2,1.0,0,0,0,0,9,13238,0,0,0,0,0,0
17,http://yahoo.co.jp,18,2,4,1.0,3,1.0,0,0,0,0,11,24572,0,0,0,1,10,0
18,http://bing.com,15,1,3,1.0,2,1.0,0,0,0,0,8,8075,0,0,0,0,0,0
19,http://hao123.com,17,1,3,1.0,2,1.0,0,0,0,0,10,23724,0,0,0,1,0,0
20,http://google.de,16,1,3,1.0,2,1.0,0,0,0,0,9,15169,0,0,0,1,1,0
21,http://vk.com,13,1,3,1.0,2,1.0,0,0,0,0,6,47541,0,0,0,0,0,0
22,http://ebay.com,15,1,3,1.0,2,1.0,0,0,0,0,8,11643,0,0,0,0,0,0
23,http://163.com,14,1,3,1.0,2,1.0,0,0,0,0,7,45062,0,0,0,1,0,0
24,http://google.co.uk,19,2,4,1.0,3,1.0,0,0,0,0,12,15169,0,0,0,1,1,0
25,http://tumblr.com,17,1,3,1.0,2,1.0,0,0,0,0,10,-1,0,0,0,1,0,0
26,http://pinterest.com,20,1,3,1.0,2,1.0,0,0,0,0,13,-1,0,0,0,1,1,0
27,http://google.fr,16,1,3,1.0,2,1.0,0,0,0,0,9,15169,0,0,0,1,1,0
28,http://apple.com,16,1,3,1.0,2,1.0,0,0,0,0,9,714,0,0,0,0,0,0
29,http://msn.com,14,1,3,1.0,2,1.0,0,0,0,0,7,-1,0,0,0,0,1,0
30,http://google.com.br,20,2,4,1.0,3,1.0,0,0,0,0,13,15169,0,0,0,1,1,0
31,http://weibo.com,16,1,3,1.0,2,1.0,0,0,0,0,9,9304,0,0,0,1,1,0
32,http://mail.ru,14,1,3,1.0,2,1.0,0,0,0,0,7,47764,0,0,0,1,0,0
33,http://microsoft.com,20,1,3,1.0,2,1.0,0,0,0,0,13,8075,0,0,0,0,1,0
34,http://google.co.jp,19,2,4,1.0,3,1.0,0,0,0,0,12,15169,0,0,0,1,1,0
35,http://soso.com,15,1,3,1.0,2,1.0,0,0,0,0,8,56048,0,0,1,1,2,0
36,http://instagram.com,20,1,3,1.0,2,1.0,0,0,0,0,13,-1,0,0,0,0,0,0
37,http://ask.com,14,1,3,1.0,2,1.0,0,0,0,0,7,-1,0,0,0,0,0,0
38,http://paypal.com,17,1,3,1.0,2,1.0,0,0,0,0,10,17012,0,0,0,0,0,0
39,http://google.com.hk,20,2,4,1.0,3,1.0,0,0,0,0,13,15169,0,0,0,1,1,0
40,http://google.ru,16,1,3,1.0,2,1.0,0,0,0,0,9,15169,0,0,0,1,1,0
41,http://blogger.com,18,1,3,1.0,2,1.0,0,0,0,0,11,15169,0,0,0,1,1,0
42,http://xvideos.com,18,1,3,1.0,2,1.0,0,0,0,0,11,-1,0,0,0,0,0,0
43,http://google.it,16,1,3,1.0,2,1.0,0,0,0,0,9,15169,0,0,0,1,1,0
44,http://tmall.com,16,1,3,1.0,2,1.0,0,0,0,0,9,37963,0,0,0,1,0,0
45,http://imdb.com,15,1,3,1.0,2,1.0,0,0,0,0,8,-1,0,0,0,1,1,0
46,http://google.es,16,1,3,1.0,2,1.0,0,0,0,0,9,15169,0,0,0,1,1,0
47,http://craigslist.org,21,1,3,1.0,2,1.0,0,0,0,0,14,22414,0,0,0,0,0,0
48,http://sohu.com,15,1,3,1.0,2,1.0,0,0,0,0,8,23724,0,0,0,1,0,0
49,http://360.cn,13,1,3,1.0,2,1.0,0,0,0,0,6,-1,0,0,0,1,0,0
50,http://go.com,13,1,3,1.0,2,1.0,0,0,0,0,6,-1,0,0,0,1,220,0
51,http://bbc.co.uk,16,2,4,1.0,3,1.0,0,0,0,0,9,-1,0,0,0,0,0,0
52,http://xhamster.com,19,1,3,1.0,2,1.0,0,0,0,0,12,39572,0,0,0,0,0,0
53,http://stackoverflow.com,24,1,3,1.0,2,1.0,0,0,0,0,17,-1,0,0,0,1,1,0
54,http://google.com.mx,20,2,4,1.0,3,1.0,0,0,0,0,13,15169,0,0,0,1,1,0
55,http://amazon.co.jp,19,2,4,1.0,3,1.0,0,0,0,0,12,-1,0,0,0,1,0,0
56,http://cnn.com,14,1,3,1.0,2,1.0,0,0,0,0,7,-1,0,0,0,0,0,0
57,http://neobux.com,17,1,3,1.0,2,1.0,0,0,0,0,10,-1,0,0,0,0,0,0
58,http://google.ca,16,1,3,1.0,2,1.0,0,0,0,0,9,15169,0,0,0,1,1,0
59,http://fc2.com,14,1,3,1.0,2,1.0,0,0,0,0,7,16509,0,0,0,1,0,0
60,http://imgur.com,16,1,3,1.0,2,1.0,0,0,0,0,9,-1,0,0,0,0,0,0
61,http://youku.com,16,1,3,1.0,2,1.0,0,0,0,0,9,-1,0,0,0,1,874,0
62,http://wordpress.org,20,1,3,1.0,2,1.0,0,0,0,0,13,32475,0,0,0,1,0,0
63,http://vube.com,15,1,3,1.0,2,1.0,0,0,0,0,8,11608,-1,-1,-1,-1,-1,0
64,http://flickr.com,17,1,3,1.0,2,1.0,0,0,0,0,10,36752,0,0,0,0,0,0
65,http://espn.go.com,18,2,4,1.0,3,1.0,0,0,0,0,11,-1,0,0,0,0,0,0
66,http://alibaba.com,18,1,3,1.0,2,1.0,0,0,0,0,11,45102,0,0,0,1,0,0
67,http://odnoklassniki.ru,23,1,3,1.0,2,1.0,0,0,0,0,16,49988,0,0,0,0,0,0
68,http://conduit.com,18,1,3,1.0,2,1.0,0,0,0,0,11,-1,-1,-1,-1,-1,-1,0
69,http://thepiratebay.sx,22,1,3,1.0,2,1.0,0,0,0,0,15,51040,-1,-1,-1,-1,-1,0
70,http://akamaihd.net,19,1,3,1.0,2,1.0,0,0,0,0,12,-1,-1,-1,-1,-1,-1,0
71,http://huffingtonpost.com,25,1,3,1.0,2,1.0,0,0,0,0,18,14778,0,0,0,0,0,0
72,http://adcash.com,17,1,3,1.0,2,1.0,0,0,0,0,10,-1,0,0,0,0,0,0
73,http://t.co,11,1,3,1.0,2,1.0,0,0,0,0,4,13414,0,0,0,1,13,0
74,http://amazon.de,16,1,3,1.0,2,1.0,0,0,0,0,9,16509,0,0,0,1,0,0
75,http://google.com.tr,20,2,4,1.0,3,1.0,0,0,0,0,13,15169,0,0,0,1,1,0
76,http://godaddy.com,18,1,3,1.0,2,1.0,0,0,0,0,11,-1,0,0,0,1,0,0
77,http://pornhub.com,18,1,3,1.0,2,1.0,0,0,0,0,11,29789,0,0,0,0,0,0
78,http://blogspot.in,18,1,3,1.0,2,1.0,0,0,0,0,11,15169,0,0,0,1,1,0
79,http://about.com,16,1,3,1.0,2,1.0,0,0,0,0,9,-1,0,0,0,1,1,0
80,http://ku6.com,14,1,3,1.0,2,1.0,0,0,0,0,7,-1,0,0,0,0,0,0
81,http://ebay.de,14,1,3,1.0,2,1.0,0,0,0,0,7,11643,0,0,0,0,0,0
82,http://reddit.com,17,1,3,1.0,2,1.0,0,0,0,0,10,-1,0,0,0,0,0,0
83,http://bp.blogspot.com,22,2,4,1.0,3,1.0,0,0,0,0,15,-1,-1,-1,-1,-1,-1,0
84,http://google.com.au,20,2,4,1.0,3,1.0,0,0,0,0,13,15169,0,0,0,1,1,0
85,http://adobe.com,16,1,3,1.0,2,1.0,0,0,0,0,9,44786,0,0,0,1,1,0
86,http://uol.com.br,17,2,4,1.0,3,1.0,0,0,0,0,10,7162,0,0,0,1,1,0
87,http://google.pl,16,1,3,1.0,2,1.0,0,0,0,0,9,15169,0,0,0,1,1,0
88,http://ebay.co.uk,17,2,4,1.0,3,1.0,0,0,0,0,10,11643,0,0,0,0,0,0
89,http://netflix.com,18,1,3,1.0,2,1.0,0,0,0,0,11,-1,0,0,0,0,0,0
90,http://dailymotion.com,22,1,3,1.0,2,1.0,0,0,0,0,15,41690,0,0,0,0,0,0
91,http://cnet.com,15,1,3,1.0,2,1.0,0,0,0,0,8,6623,0,0,0,1,0,0
92,http://delta-search.com,23,1,4,1.0,3,1.0,1,0,0,0,16,29873,0,0,0,1,0,0
93,http://dailymail.co.uk,22,2,4,1.0,3,1.0,0,0,0,0,15,-1,0,0,0,0,0,0
94,http://rakuten.co.jp,20,2,4,1.0,3,1.0,0,0,0,0,13,23820,0,0,0,1,1,0
95,http://aliexpress.com,21,1,3,1.0,2,1.0,0,0,0,0,14,45102,0,0,0,1,0,0
96,http://aol.com,14,1,3,1.0,2,1.0,0,0,0,0,7,42173,0,0,0,0,0,0
97,http://dce.edu,14,1,3,1.0,2,1.0,0,0,0,0,7,-1,-1,-1,-1,-1,-1,0
98,http://google.com,17,1,3,1.0,2,1.0,0,0,0,0,10,15169,0,0,0,1,1,0
99,http://stackoverflow.com/questions/8551735/how-do-i-run-python-code-from-sublime-text-2,87,1,15,1.0,2,1.0,9,0,0,0,17,-1,0,0,0,1,1,0
100,http://paypal.com.webscr.cmd.login.submit.dispatch.5885d80a13c0db1f8e263663d3faee8db2b24f7b84f1819343fd6c338b1d9d.222studio.com/UK/,131,9,12,1.0833333333333333,10,1.0,0,0,0,0,120,-1,0,0,0,1,0,1
101,http://paypal-manager-login.net/konflikt/66211165125/,53,1,7,1.1428571428571428,4,1.0,2,0,0,0,24,-1,-1,-1,-1,-1,-1,1
102,http://paypal-manager-loesung.net/konflikt/66211165125/,55,1,7,1.1428571428571428,4,1.0,2,0,0,0,26,-1,-1,-1,-1,-1,-1,1
103,http://paypal-manager-account.net/konflikt/66211165125/,55,1,7,1.1428571428571428,4,1.0,2,0,0,0,26,-1,-1,-1,-1,-1,-1,1
104,http://www.paypal-manager-account.net/konflikt/6222649185/index.php,67,3,10,1.0,5,1.0,2,0,0,0,30,-1,-1,-1,-1,-1,-1,1
105,http://www.paypal-manager-login.net/konflikt/79235228200/index.php,66,3,10,1.0,5,1.0,2,0,0,0,28,-1,-1,-1,-1,-1,-1,1
106,http://paypal.com.laveaki.com.br/PayPal.com/,44,5,8,1.125,5,1.0,0,0,0,0,25,-1,-1,-1,-1,-1,-1,1
107,http://paypal.com.client.identifiant.compte.clefs.informations.upgarde.mon.compte.personnel.ghs56hge556rg4h6qe4th654f84e84r8e.hopitalveterinairedrummond.com/a/payp/Updateto0/index/web/paypal/login/?cmd=_home&dispatch=a430fedacc1fa4f0b709f55224ba5c0ea430fedacc1fa4f0b709f55224ba5c0e,281,13,26,1.0,14,1.0,0,1,0,0,149,-1,-1,-1,-1,-1,-1,1
108,http://msd2003.com/rche/index.htm,33,2,6,1.0,2,1.0,0,0,0,0,11,-1,0,0,0,1,0,1
109,http://paypal-manager-loesung.net/konflikt/6624985147/index.php,63,2,9,1.0,4,1.0,2,0,0,0,26,-1,-1,-1,-1,-1,-1,1
110,http://eadideal.com.br/conteudos/material/66/Netzro-Login.html,62,3,10,1.0,3,1.0,1,0,0,0,15,16509,0,0,0,1,0,1
111,http://tahmid.ir/user/?cmd=_home&amp;dispatch=5885d80a13c0db1f8e&amp;ee=669498ee5d0b4b381fd2bb1cceb52112,104,1,12,1.0,2,1.0,0,1,0,0,9,-1,-1,-1,-1,-1,-1,1
112,http://208.115.247.198/paypal.com.au.434324.fdsfsd32423423.fadfafas.3423423432fsfdafsdfsd/index1.php,100,10,14,1.0,4,1.0,0,0,0,1,15,46475,-1,-1,-1,-1,-1,1
113,http://www.paypal-manager-service.net/konflikt/785549116/index.php?webapps=/mpp/verkaufen,89,3,13,1.0,5,1.0,2,1,0,0,30,-1,-1,-1,-1,-1,-1,1
114,http://www.nervemobilization.com/update/06bb5b5bd8b1be54b78648f4993a1de1/protect.html,85,3,8,1.0,3,1.0,0,0,0,0,25,20454,0,0,0,1,0,1
115,http://www.nervemobilization.com/update/15f58e7e4a736e2cd442b733e8755716/protect.html,85,3,8,1.0,3,1.0,0,0,0,0,25,20454,0,0,0,1,0,1
116,http://sionaviatur.ru/wp-includes/syystemyj/index50.htm,55,2,8,1.0,2,1.0,1,0,0,0,14,39134,0,0,0,1,1,1
117,http://208.115.247.197/au/index1.php,36,4,8,1.0,4,1.0,0,0,0,1,15,46475,-1,-1,-1,-1,-1,1
118,http://toc.cl/wp-admin/www.sparkasse.de/online-banking.aktualisieren.htm,72,5,12,1.0,2,1.0,2,0,0,0,6,-1,0,0,0,1,0,1
119,http://paristokyo.biz/trouvay-cauvin.co.uk/includes/AOL/index.php,65,4,11,1.0,2,1.0,1,0,0,0,14,20248,0,0,0,1,0,1
120,http://fenixexpressgc.com/cooljoe/CLICK/CLICK/index.php.htm,59,3,9,1.0,2,1.0,0,0,0,0,18,-1,-1,-1,-1,-1,-1,1
121,http://arbiitours.com/wp-content/plugins/contact-form-777/images/online/login.jsp.html,86,3,14,1.0,2,1.0,3,0,0,0,14,15003,0,0,0,1,7,1
122,http://ruthdunn.org/paypal.co.uk.c17d1db50d22aa998bed4a8d7855d5fa03/ffd12b054185e4e1b246b1abc08efb1a/cgi-bin/en/account/login/index.php%5B%2A%2Aqmark%2A%2A%5D,158,5,21,1.0,2,1.0,1,0,0,0,12,46606,0,0,0,1,0,1
123,http://civilwarvetswastate.com/gxy/,35,1,4,1.25,2,1.0,0,0,0,0,23,6939,0,0,0,1,1,1
124,http://200.98.128.198/testax14/p/itant.html,43,4,9,1.0,4,1.0,0,0,0,1,14,7162,-1,-1,-1,-1,-1,1
125,http://itau.servehttp.com/seguro/processo-adesao.php,52,3,8,1.0,3,1.0,1,0,0,0,18,-1,-1,-1,-1,-1,-1,1
126,http://www.yenimodamodelleri.com/wp_log/Admin/,46,2,6,1.1666666666666667,3,1.0,0,0,0,0,25,-1,-1,-1,-1,-1,-1,1
127,http://itauguardiao.servehttp.com/blindado/processo-adesao.php,62,3,8,1.0,3,1.0,1,0,0,0,26,-1,-1,-1,-1,-1,-1,1
128,http://www.terrario.org/libraries/jscrop/javascript/ver_2.25/,61,3,9,1.1111111111111112,3,1.0,0,0,0,0,16,-1,0,0,0,1,0,1
129,http://bomberospuertomontt.cl/modules/0299970236/24185239539553/index2.php,74,2,8,1.0,2,1.0,0,0,0,0,22,52270,0,0,0,1,1,1
130,http://bitayamashina.ru/8411305558/349325931520424/index2.php,61,2,7,1.0,2,1.0,0,0,0,0,16,44112,0,0,1,1,65,1
131,http://ba.dabed1.client.atlantech.net/modules/9065527929/24185239539553/index2.php,82,5,11,1.0,5,1.0,0,0,0,0,30,-1,-1,-1,-1,-1,-1,1
132,http://us.payment.playpal.com.websrc.cmd.8d84f4d5s4f555sd4f8s54f5s48s8s8s5d4f.login.account.554f8sd8sd8.legacyfive.biz/verification/Comp/Comp/,142,11,16,1.0625,12,1.0,0,0,0,0,111,-1,-1,-1,-1,-1,-1,1
133,http://us.payment.playpal.com.websrc.cmd.8d84f4d5s4f555sd4f8s54f5s48s8s8s5d4f.login.account.554f8sd8sd8.legacyfive.biz/verification/Comp/Comp/8d0b3059023634d5c323eaffc9db6531/Login/advencev/Done/,195,11,20,1.05,12,1.0,0,0,0,0,111,-1,-1,-1,-1,-1,-1,1
134,http://cookieskeywest.com/modules/8218395246/105328892193242/index2.php,71,2,8,1.0,2,1.0,0,0,0,0,18,-1,-1,-1,-1,-1,-1,1
135,http://us.payment.playpal.com.websrc.cmd.8d84f4d5s4f555sd4f8s54f5s48s8s8s5d4f.login.account.554f8sd8sd8.legacyfive.biz/verification/Comp/Comp/913b469b02247c99ce34cfeea078551a/Login/advencev/Done/,195,11,20,1.05,12,1.0,0,0,0,0,111,-1,-1,-1,-1,-1,-1,1
136,http://bomberospuertomontt.cl/modules/0299970236/105328892193242/index2.php,75,2,8,1.0,2,1.0,0,0,0,0,22,52270,0,0,0,1,1,1
137,http://bolanfamily.com/modules/5202682656/105328892193242/index2.php,68,2,8,1.0,2,1.0,0,0,0,0,15,-1,-1,-1,-1,-1,-1,1
138,http://ecocareonline.com/wp-content/themes/Paypal_Virefication/1d7be49f438450a45004dde3aa2fad9f/new1/ad8354d87a30ca581c0d39c8c99eda42/57a1551914f64a14939a926f47f815c5/,167,1,11,1.0909090909090908,2,1.0,1,0,0,0,17,-1,-1,-1,-1,-1,-1,1
139,http://ans-electric.com/modules/4630490953/24185239539553/index2.php,68,2,9,1.0,3,1.0,1,0,0,0,16,-1,0,0,0,1,0,1
140,http://98.130.167.189/modules/6721286628/349325931520424/index2.php,67,4,10,1.0,4,1.0,0,0,0,1,14,32392,-1,-1,-1,-1,-1,1
141,http://fiegerl.com/components/6591932935/24185239539553/index2.php,66,2,8,1.0,2,1.0,0,0,0,0,11,35492,0,0,0,1,0,1
142,http://www.eletrorenovadora.com.br/pages/ativacao/webppr/pps8/index2.html?=585d80a13c1f8e263663dd3faee8d35d0e363192f28ea2a5d35d0e363192f28d1bf,142,4,12,1.0,4,1.0,0,1,0,0,27,7162,0,0,0,1,0,1
143,http://www.docentesentrerrianos.com/coldwellbanker.com/googledoc/index.htm,74,4,9,1.0,3,1.0,0,0,0,0,28,-1,-1,-1,-1,-1,-1,1
144,http://tierehelfenkindern.de/verification/id=786033625/,55,1,6,1.1666666666666667,2,1.0,0,0,0,0,21,13237,-1,-1,-1,-1,-1,1
145,http://tierehelfenkindern.de,28,1,3,1.0,2,1.0,0,0,0,0,21,13237,-1,-1,-1,-1,-1,1
146,http://secure.googledrive.com.iphoneturkish.com/new/Googledocs%20Secure.htm,75,5,10,1.0,5,1.0,0,0,0,0,40,-1,-1,-1,-1,-1,-1,1
147,http://secure.googledrive.com.iphoneturkish.com/sec/easyweb.htm,63,5,9,1.0,5,1.0,0,0,0,0,40,-1,-1,-1,-1,-1,-1,1
148,http://tiere-helfen-kindern.de/verification/id=265455776/,57,1,8,1.125,4,1.0,2,0,0,0,23,13237,-1,-1,-1,-1,-1,1
149,http://livedoor.com,19,1,3,1.0,2,1.0,0,0,0,0,12,38631,0,0,0,1,1,0
150,http://google.com.tw,20,2,4,1.0,3,1.0,0,0,0,0,13,15169,0,0,0,1,1,0
151,http://bannersdontwork.com,26,1,3,1.0,2,1.0,0,0,0,0,19,47583,-1,-1,-1,-1,-1,0
152,http://stumbleupon.com,22,1,3,1.0,2,1.0,0,0,0,0,15,-1,0,0,0,1,2,0
153,http://theguardian.com,22,1,3,1.0,2,1.0,0,0,0,0,15,-1,0,0,0,0,0,0
154,http://mediafire.com,20,1,3,1.0,2,1.0,0,0,0,0,13,-1,0,0,0,0,0,0
155,http://blogfa.com,17,1,3,1.0,2,1.0,0,0,0,0,10,-1,0,0,0,1,19,0
156,http://google.co.th,19,2,4,1.0,3,1.0,0,0,0,0,12,15169,0,0,0,1,1,0
157,http://torrentz.eu,18,1,3,1.0,2,1.0,0,0,0,0,11,-1,0,0,0,1,0,0
158,http://foxnews.com,18,1,3,1.0,2,1.0,0,0,0,0,11,-1,0,0,0,0,0,0
159,http://mozilla.org,18,1,3,1.0,2,1.0,0,0,0,0,11,36856,0,0,0,0,0,0
160,http://pcpop.com,16,1,3,1.0,2,1.0,0,0,0,0,9,4808,0,0,0,1,0,0
161,http://w3schools.com,20,1,3,1.0,2,1.0,0,0,0,0,13,46989,0,0,0,0,1,0
162,http://4shared.com,18,1,3,1.0,2,1.0,0,0,0,0,11,40824,0,0,0,1,0,0
163,http://forbes.com,17,1,3,1.0,2,1.0,0,0,0,0,10,-1,0,0,0,0,0,0
164,http://people.com.cn,20,2,4,1.0,3,1.0,0,0,0,0,13,-1,0,0,5,1,845,0
165,http://addthis.com,18,1,3,1.0,2,1.0,0,0,0,0,11,18837,0,0,0,0,0,0
166,http://google.co.za,19,2,4,1.0,3,1.0,0,0,0,0,12,15169,0,0,0,1,1,0
167,http://media.tumblr.com,23,2,4,1.0,3,1.0,0,0,0,0,16,36752,0,0,0,0,0,0
168,http://jrj.com.cn,17,2,4,1.0,3,1.0,0,0,0,0,10,4808,0,0,0,1,1,0
169,http://archive.org,18,1,3,1.0,2,1.0,0,0,0,0,11,7941,0,0,0,0,0,0
170,http://hostgator.com,20,1,3,1.0,2,1.0,0,0,0,0,13,3,0,0,0,1,0,0
171,http://sourceforge.net,22,1,3,1.0,2,1.0,0,0,0,0,15,36025,0,0,0,1,0,0
172,http://lady8844.com,19,1,3,1.0,2,1.0,0,0,0,0,12,-1,0,0,0,1,0,0
173,http://badoo.com,16,1,3,1.0,2,1.0,0,0,0,0,9,12678,0,0,0,1,1,0
174,http://liveinternet.ru,22,1,3,1.0,2,1.0,0,0,0,0,15,39134,0,0,0,1,0,0
175,http://wikihow.com,18,1,3,1.0,2,1.0,0,0,0,0,11,-1,0,0,0,0,0,0
176,http://bankofamerica.com,24,1,3,1.0,2,1.0,0,0,0,0,17,10794,0,0,0,0,0,0
177,http://files.wordpress.com,26,2,4,1.0,3,1.0,0,0,0,0,19,2635,0,0,0,1,0,0
178,http://flipkart.com,19,1,3,1.0,2,1.0,0,0,0,0,12,-1,0,0,0,1,0,0
179,http://statcounter.com,22,1,3,1.0,2,1.0,0,0,0,0,15,-1,0,0,4,1,101,0
180,http://renren.com,17,1,3,1.0,2,1.0,0,0,0,0,10,4847,0,0,0,1,52,0
181,http://spiegel.de,17,1,3,1.0,2,1.0,0,0,0,0,10,34309,0,0,0,0,0,0
182,http://google.co.id,19,2,4,1.0,3,1.0,0,0,0,0,12,15169,0,0,0,1,1,0
183,http://salesforce.com,21,1,3,1.0,2,1.0,0,0,0,0,14,14340,0,0,0,0,0,0
184,http://chase.com,16,1,3,1.0,2,1.0,0,0,0,0,9,7743,0,0,0,0,0,0
185,http://warriorforum.com,23,1,3,1.0,2,1.0,0,0,0,0,16,-1,0,0,0,1,0,0
186,http://buzzfeed.com,19,1,3,1.0,2,1.0,0,0,0,0,12,-1,0,0,0,0,0,0
187,http://jd.com,13,1,3,1.0,2,1.0,0,0,0,0,6,56048,0,0,0,1,0,0
188,http://reference.com,20,1,3,1.0,2,1.0,0,0,0,0,13,-1,0,0,0,0,0,0
189,http://bet365.com,17,1,3,1.0,2,1.0,0,0,0,0,10,58431,0,0,0,0,0,0
190,http://tube8.com,16,1,3,1.0,2,1.0,0,0,0,0,9,29789,0,0,0,0,0,0
191,http://mywebsearch.com,22,1,3,1.0,2,1.0,0,0,0,0,15,14829,0,0,0,1,1,0
192,http://zedo.com,15,1,3,1.0,2,1.0,0,0,0,0,8,3561,0,0,0,1,1,0
193,http://google.com.co,20,2,4,1.0,3,1.0,0,0,0,0,13,15169,0,0,0,1,1,0
194,http://soundcloud.com,21,1,3,1.0,2,1.0,0,0,0,0,14,-1,0,0,0,0,0,0
195,http://beva.com,15,1,3,1.0,2,1.0,0,0,0,0,8,4808,0,0,0,1,1,0
196,http://indeed.com,17,1,3,1.0,2,1.0,0,0,0,0,10,-1,0,0,0,1,1,0
197,http://google.gr,16,1,3,1.0,2,1.0,0,0,0,0,9,15169,0,0,0,1,1,0
198,http://clkmon.com,17,1,3,1.0,2,1.0,0,0,0,0,10,-1,-1,-1,-1,-1,-1,0
199,http://softonic.com,19,1,3,1.0,2,1.0,0,0,0,0,12,237,0,0,0,1,0,0
200,http://google.com.vn,20,2,4,1.0,3,1.0,0,0,0,0,13,15169,0,0,0,1,1,0
201,http://nfl.com,14,1,3,1.0,2,1.0,0,0,0,0,7,3320,0,0,0,0,0,0
202,http://mailchimp.com,20,1,3,1.0,2,1.0,0,0,0,0,13,20940,0,0,0,0,0,0
203,http://allegro.pl,17,1,3,1.0,2,1.0,0,0,0,0,10,42656,0,0,0,0,0,0
204,http://qtrax.com,16,1,3,1.0,2,1.0,0,0,0,0,9,-1,0,0,0,0,45,0
205,http://tripadvisor.com,22,1,3,1.0,2,1.0,0,0,0,0,15,-1,0,0,0,0,0,0
206,http://photobucket.com,22,1,3,1.0,2,1.0,0,0,0,0,15,14173,1,1,1,1,35,0
207,http://google.be,16,1,3,1.0,2,1.0,0,0,0,0,9,15169,0,0,0,1,1,0
208,http://mashable.com,19,1,3,1.0,2,1.0,0,0,0,0,12,20940,0,0,0,0,0,0
209,http://skype.com,16,1,3,1.0,2,1.0,0,0,0,0,9,-1,0,0,0,0,1,0
210,http://walmart.com,18,1,3,1.0,2,1.0,0,0,0,0,11,17374,0,0,0,1,0,0
211,http://xyxy.net,15,1,3,1.0,2,1.0,0,0,0,0,8,-1,0,0,0,1,744,0
212,http://nbcnews.com,18,1,3,1.0,2,1.0,0,0,0,0,11,7922,0,0,0,0,1,0
213,http://gamer.com.tw,19,2,4,1.0,3,1.0,0,0,0,0,12,-1,0,0,0,0,0,0
214,http://google.com.ua,20,2,4,1.0,3,1.0,0,0,0,0,13,15169,0,0,0,1,1,0
215,http://taringa.net,18,1,3,1.0,2,1.0,0,0,0,0,11,-1,0,0,0,1,0,0
216,http://empowernetwork.com,25,1,3,1.0,2,1.0,0,0,0,0,18,-1,-1,-1,-1,-1,-1,0
217,http://bild.de,14,1,3,1.0,2,1.0,0,0,0,0,7,8792,0,0,0,1,1,0
218,http://github.com,17,1,3,1.0,2,1.0,0,0,0,0,10,36459,0,0,0,0,0,0
219,http://thefreedictionary.com,28,1,3,1.0,2,1.0,0,0,0,0,21,-1,0,0,0,0,0,0
220,http://ask.fm,13,1,3,1.0,2,1.0,0,0,0,0,6,12993,0,0,0,0,0,0
221,http://google.co.ve,19,2,4,1.0,3,1.0,0,0,0,0,12,15169,0,0,0,1,1,0
222,http://onet.pl,14,1,3,1.0,2,1.0,0,0,0,0,7,12990,0,0,0,1,0,0
223,http://leboncoin.fr,19,1,3,1.0,2,1.0,0,0,0,0,12,49763,0,0,0,0,0,0
224,http://google.com.ng,20,2,4,1.0,3,1.0,0,0,0,0,13,15169,0,0,0,1,1,0
225,http://yieldmanager.com,23,1,3,1.0,2,1.0,0,0,0,0,16,36752,-1,-1,-1,-1,-1,0
226,http://nicovideo.jp,19,1,3,1.0,2,1.0,0,0,0,0,12,2510,0,0,0,1,1,0
227,http://pconline.com.cn,22,2,4,1.0,3,1.0,0,0,0,0,15,4134,0,0,0,1,0,0
228,http://wordreference.com,24,1,3,1.0,2,1.0,0,0,0,0,17,-1,0,0,0,1,0,0
229,http://php.net,14,1,3,1.0,2,1.0,0,0,0,0,7,36351,0,0,0,1,230,0
230,http://telegraph.co.uk,22,2,4,1.0,3,1.0,0,0,0,0,15,-1,0,0,0,1,0,0
231,http://wellsfargo.com,21,1,3,1.0,2,1.0,0,0,0,0,14,10837,0,0,0,0,0,0
232,http://uploaded.net,19,1,3,1.0,2,1.0,0,0,0,0,12,12989,0,0,0,1,9,0
233,http://wsj.com,14,1,3,1.0,2,1.0,0,0,0,0,7,-1,0,0,0,1,1,0
234,http://usatoday.com,19,1,3,1.0,2,1.0,0,0,0,0,12,21735,0,0,0,1,1,0
235,http://pandora.com,18,1,3,1.0,2,1.0,0,0,0,0,11,40428,0,0,0,1,1,0
236,http://goo.ne.jp,16,2,4,1.0,3,1.0,0,0,0,0,9,2914,0,0,0,1,1,0
237,http://shutterstock.com,23,1,3,1.0,2,1.0,0,0,0,0,16,-1,0,0,0,0,0,0
238,http://pclady.com.cn,20,2,4,1.0,3,1.0,0,0,0,0,13,4134,0,0,0,1,0,0
239,http://comcast.net,18,1,3,1.0,2,1.0,0,0,0,0,11,7922,0,0,0,1,0,0
240,http://answers.com,18,1,3,1.0,2,1.0,0,0,0,0,11,-1,0,0,0,1,1,0
241,http://google.com.ph,20,2,4,1.0,3,1.0,0,0,0,0,13,15169,0,0,0,1,1,0
242,http://amazon.fr,16,1,3,1.0,2,1.0,0,0,0,0,9,-1,0,0,0,1,0,0
243,http://google.se,16,1,3,1.0,2,1.0,0,0,0,0,9,15169,0,0,0,1,1,0
244,http://rutracker.org,20,1,3,1.0,2,1.0,0,0,0,0,13,47105,0,0,0,1,0,0
245,http://google.cn,16,1,3,1.0,2,1.0,0,0,0,0,9,15169,0,0,0,1,1,0
246,http://aili.com,15,1,3,1.0,2,1.0,0,0,0,0,8,-1,0,0,0,0,0,0
247,http://washingtonpost.com,25,1,3,1.0,2,1.0,0,0,0,0,18,-1,0,0,0,0,0,0
248,http://google.ro,16,1,3,1.0,2,1.0,0,0,0,0,9,15169,0,0,0,1,1,0
249,http://ikea.com,15,1,3,1.0,2,1.0,0,0,0,0,8,-1,0,0,0,1,0,0
250,http://wigetmedia.com,21,1,3,1.0,2,1.0,0,0,0,0,14,-1,0,0,0,1,33,0
251,http://zillow.com,17,1,3,1.0,2,1.0,0,0,0,0,10,-1,0,0,0,0,0,0
252,http://weebly.com,17,1,3,1.0,2,1.0,0,0,0,0,10,27647,0,0,0,1,1,0
253,http://samsung.com,18,1,3,1.0,2,1.0,0,0,0,0,11,6619,0,0,0,0,1,0
254,http://wix.com,14,1,3,1.0,2,1.0,0,0,0,0,7,-1,0,0,0,0,0,0
255,http://ucoz.ru,14,1,3,1.0,2,1.0,0,0,0,0,7,199420,0,0,0,1,0,0
256,http://rambler.ru,17,1,3,1.0,2,1.0,0,0,0,0,10,24638,0,0,0,1,0,0
257,http://naver.jp,15,1,3,1.0,2,1.0,0,0,0,0,8,38631,0,0,0,1,1,0
258,http://9gag.com,15,1,3,1.0,2,1.0,0,0,0,0,8,-1,0,0,0,0,0,0
259,http://qvo6.com,15,1,3,1.0,2,1.0,0,0,0,0,8,36351,0,0,0,1,26,0
260,http://mercadolivre.com.br,26,2,4,1.0,3,1.0,0,0,0,0,19,3561,0,0,0,1,0,0
261,http://stackexchange.com,24,1,3,1.0,2,1.0,0,0,0,0,17,-1,0,0,0,1,1,0
262,http://rediff.com,17,1,3,1.0,2,1.0,0,0,0,0,10,16625,0,0,0,0,0,0
263,http://google.dz,16,1,3,1.0,2,1.0,0,0,0,0,9,15169,0,0,0,1,1,0
264,http://popads.net,17,1,3,1.0,2,1.0,0,0,0,0,10,-1,0,0,0,1,0,0
265,http://google.com.pe,20,2,4,1.0,3,1.0,0,0,0,0,13,15169,0,0,0,1,1,0
266,http://ehow.com,15,1,3,1.0,2,1.0,0,0,0,0,8,-1,0,0,0,1,1,0
267,http://reuters.com,18,1,3,1.0,2,1.0,0,0,0,0,11,-1,0,0,0,1,0,0
268,http://moz.com,14,1,3,1.0,2,1.0,0,0,0,0,7,-1,0,0,0,0,0,0
269,http://gmx.net,14,1,3,1.0,2,1.0,0,0,0,0,7,8560,0,0,0,1,1,0
270,http://ilivid.com,17,1,3,1.0,2,1.0,0,0,0,0,10,-1,-1,-1,-1,-1,-1,0
271,http://bitauto.com,18,1,3,1.0,2,1.0,0,0,0,0,11,9308,0,0,0,0,0,0
272,http://goodreads.com,20,1,3,1.0,2,1.0,0,0,0,0,13,-1,0,0,0,1,0,0
273,http://google.com.sg,20,2,4,1.0,3,1.0,0,0,0,0,13,15169,0,0,0,1,1,0
274,http://scribd.com,17,1,3,1.0,2,1.0,0,0,0,0,10,-1,0,0,0,1,0,0
275,http://ups.com,14,1,3,1.0,2,1.0,0,0,0,0,7,12217,0,0,0,1,1,0
276,http://google.at,16,1,3,1.0,2,1.0,0,0,0,0,9,15169,0,0,0,1,1,0
277,http://55bbs.com,16,1,3,1.0,2,1.0,0,0,0,0,9,4134,0,0,0,1,1,0
278,http://kaskus.co.id,19,2,4,1.0,3,1.0,0,0,0,0,12,132164,0,0,0,1,0,0
279,http://bleacherreport.com,25,1,3,1.0,2,1.0,0,0,0,0,18,-1,0,0,0,0,0,0
280,http://domaintools.com,22,1,3,1.0,2,1.0,0,0,0,0,15,17318,1,1,0,1,84,0
281,http://wp.pl,12,1,3,1.0,2,1.0,0,0,0,0,5,12827,0,0,0,1,0,0
282,http://loading-delivery1.com,28,1,4,1.0,3,1.0,1,0,0,0,21,-1,0,0,0,0,0,0
283,http://google.ch,16,1,3,1.0,2,1.0,0,0,0,0,9,15169,0,0,0,1,1,0
284,http://free.fr,14,1,3,1.0,2,1.0,0,0,0,0,7,12322,0,0,0,1,0,0
285,http://marca.com,16,1,3,1.0,2,1.0,0,0,0,0,9,9052,0,0,0,1,0,0
286,http://caijing.com.cn,21,2,4,1.0,3,1.0,0,0,0,0,14,-1,0,0,5,1,548,0
287,http://constantcontact.com,26,1,3,1.0,2,1.0,0,0,0,0,19,40444,0,0,0,0,0,0
288,http://avito.ru,15,1,3,1.0,2,1.0,0,0,0,0,8,-1,0,0,0,1,0,0
289,http://businessinsider.com,26,1,3,1.0,2,1.0,0,0,0,0,19,-1,0,0,0,1,1,0
290,http://espncricinfo.com,23,1,3,1.0,2,1.0,0,0,0,0,16,-1,0,0,0,1,1,0
291,http://goal.com,15,1,3,1.0,2,1.0,0,0,0,0,8,-1,0,0,0,1,1,0
292,http://histats.com,18,1,3,1.0,2,1.0,0,0,0,0,11,36351,0,0,0,1,27,0
293,http://douban.com,17,1,3,1.0,2,1.0,0,0,0,0,10,-1,0,0,0,1,0,0
294,http://youjizz.com,18,1,3,1.0,2,1.0,0,0,0,0,11,29789,0,0,0,0,0,0
295,http://hudong.com,17,1,3,1.0,2,1.0,0,0,0,0,10,-1,0,0,0,1,13,0
296,http://blogspot.co.uk,21,2,4,1.0,3,1.0,0,0,0,0,14,15169,0,0,0,1,1,0
297,http://extratorrent.com,23,1,3,1.0,2,1.0,0,0,0,0,16,-1,0,0,0,1,0,0
298,http://56.com,13,1,3,1.0,2,1.0,0,0,0,0,6,17816,-1,-1,-1,-1,-1,0
299,http://onlylady.com,19,1,3,1.0,2,1.0,0,0,0,0,12,4808,0,0,0,1,0,0
300,http://google.cl,16,1,3,1.0,2,1.0,0,0,0,0,9,15169,0,0,0,1,1,0
301,http://detik.com,16,1,3,1.0,2,1.0,0,0,0,0,9,-1,0,0,0,1,0,0
302,http://olx.in,13,1,3,1.0,2,1.0,0,0,0,0,6,-1,0,0,0,1,0,0
303,http://hp.com,13,1,3,1.0,2,1.0,0,0,0,0,6,71,0,0,0,1,1,0
304,http://ign.com,14,1,3,1.0,2,1.0,0,0,0,0,7,-1,0,0,0,1,1,0
305,http://codecanyon.net,21,1,3,1.0,2,1.0,0,0,0,0,14,-1,0,0,0,0,0,0
306,http://clickbank.com,20,1,3,1.0,2,1.0,0,0,0,0,13,237,0,0,0,1,0,0
307,http://hardsextube.com,22,1,3,1.0,2,1.0,0,0,0,0,15,-1,0,0,0,0,0,0
308,http://dmm.co.jp,16,2,4,1.0,3,1.0,0,0,0,0,9,23620,0,0,0,0,0,0
309,http://bitly.com,16,1,3,1.0,2,1.0,0,0,0,0,9,3257,0,0,0,0,0,0
310,http://web.de,13,1,3,1.0,2,1.0,0,0,0,0,6,8560,0,0,0,1,1,0
311,http://libero.it,16,1,3,1.0,2,1.0,0,0,0,0,9,-1,0,0,0,1,0,0
312,http://infusionsoft.com,23,1,3,1.0,2,1.0,0,0,0,0,16,-1,0,0,0,0,0,0
313,http://gsmarena.com,19,1,3,1.0,2,1.0,0,0,0,0,12,-1,0,0,0,1,1,0
314,http://cj.com,13,1,3,1.0,2,1.0,0,0,0,0,6,25751,0,0,0,1,1,0
315,http://google.pt,16,1,3,1.0,2,1.0,0,0,0,0,9,15169,0,0,0,1,1,0
316,http://disqus.com,17,1,3,1.0,2,1.0,0,0,0,0,10,-1,0,0,0,0,0,0
317,http://meetup.com,17,1,3,1.0,2,1.0,0,0,0,0,10,-1,0,0,0,0,0,0
318,http://google.com.bd,20,2,4,1.0,3,1.0,0,0,0,0,13,15169,0,0,0,1,1,0
319,http://enet.com.cn,18,2,4,1.0,3,1.0,0,0,0,0,11,-1,0,0,0,1,107,0
320,http://usps.com,15,1,3,1.0,2,1.0,0,0,0,0,8,5774,0,0,0,0,0,0
321,http://hurriyet.com.tr,22,2,4,1.0,3,1.0,0,0,0,0,15,12978,0,0,0,0,0,0
322,http://in.com,13,1,3,1.0,2,1.0,0,0,0,0,6,17439,0,0,0,0,0,0
323,http://varzesh3.com,19,1,3,1.0,2,1.0,0,0,0,0,12,31549,0,0,0,0,0,0
324,http://bloomberg.com,20,1,3,1.0,2,1.0,0,0,0,0,13,-1,0,0,0,1,1,0
325,http://imageshack.us,20,1,3,1.0,2,1.0,0,0,0,0,13,36323,0,0,0,1,19,0
326,http://thefreecamsecret.com,27,1,3,1.0,2,1.0,0,0,0,0,20,11608,0,0,0,1,5,0
327,http://fedex.com,16,1,3,1.0,2,1.0,0,0,0,0,9,7726,0,0,0,1,1,0
328,http://orange.fr,16,1,3,1.0,2,1.0,0,0,0,0,9,8891,0,0,0,1,1,0
329,http://pchome.net,17,1,3,1.0,2,1.0,0,0,0,0,10,-1,0,0,0,1,1,0
330,http://mobile01.com,19,1,3,1.0,2,1.0,0,0,0,0,12,237,0,0,0,1,0,0
331,http://voc.com.cn,17,2,4,1.0,3,1.0,0,0,0,0,10,4134,0,0,0,1,0,0
332,http://xing.com,15,1,3,1.0,2,1.0,0,0,0,0,8,50343,0,0,0,0,0,0
333,http://milliyet.com.tr,22,2,4,1.0,3,1.0,0,0,0,0,15,9121,0,0,0,0,1,0
334,http://bluehost.com,19,1,3,1.0,2,1.0,0,0,0,0,12,3,0,0,0,1,0,0
335,http://naver.com,16,1,3,1.0,2,1.0,0,0,0,0,9,23576,0,0,0,1,0,0
336,http://hulu.com,15,1,3,1.0,2,1.0,0,0,0,0,8,20940,0,0,0,0,0,0
337,http://siteadvisor.com,22,1,3,1.0,2,1.0,0,0,0,0,15,-1,0,0,0,1,0,0
338,http://ndtv.com,15,1,3,1.0,2,1.0,0,0,0,0,8,31377,0,0,0,0,0,0
339,http://putlocker.com,20,1,3,1.0,2,1.0,0,0,0,0,13,-1,0,0,0,1,2,0
340,http://xe.com,13,1,3,1.0,2,1.0,0,0,0,0,6,-1,0,0,0,1,1,0
341,http://kooora.com,17,1,3,1.0,2,1.0,0,0,0,0,10,-1,0,0,0,0,0,0
342,http://repubblica.it,20,1,3,1.0,2,1.0,0,0,0,0,13,3313,0,0,0,1,1,0
343,http://target.com,17,1,3,1.0,2,1.0,0,0,0,0,10,17052,0,0,0,0,0,0
344,http://bestbuy.com,18,1,3,1.0,2,1.0,0,0,0,0,11,20940,0,0,0,0,0,0
345,http://linkbucks.com,20,1,3,1.0,2,1.0,0,0,0,0,13,-1,0,0,0,1,1,0
346,http://google.cz,16,1,3,1.0,2,1.0,0,0,0,0,9,15169,0,0,0,1,1,0
347,http://beeg.com,15,1,3,1.0,2,1.0,0,0,0,0,8,-1,0,0,0,0,0,0
348,http://istockphoto.com,22,1,3,1.0,2,1.0,0,0,0,0,15,13623,0,0,0,0,0,0
349,http://upworthy.com,19,1,3,1.0,2,1.0,0,0,0,0,12,-1,0,0,0,0,1,0
350,http://nih.gov,14,1,3,1.0,2,1.0,0,0,0,0,7,14618,0,0,0,1,1,0
351,http://chinaz.com,17,1,3,1.0,2,1.0,0,0,0,0,10,4134,0,0,0,0,1,0
352,http://motherless.com,21,1,3,1.0,2,1.0,0,0,0,0,14,-1,0,0,0,0,0,0
353,http://zol.com.cn,17,2,4,1.0,3,1.0,0,0,0,0,10,4808,0,0,0,1,1,0
354,http://ebay.in,14,1,3,1.0,2,1.0,0,0,0,0,7,11643,0,0,0,0,0,0
355,http://speedtest.net,20,1,3,1.0,2,1.0,0,0,0,0,13,-1,0,0,0,0,0,0
356,http://techcrunch.com,21,1,3,1.0,2,1.0,0,0,0,0,14,13768,0,0,0,1,0,0
357,http://webmd.com,16,1,3,1.0,2,1.0,0,0,0,0,9,46244,0,0,0,1,1,0
358,http://joomla.org,17,1,3,1.0,2,1.0,0,0,0,0,10,-1,0,0,0,1,0,0
359,http://doubleclick.com,22,1,3,1.0,2,1.0,0,0,0,0,15,15169,0,0,0,1,1,0
360,http://blogspot.de,18,1,3,1.0,2,1.0,0,0,0,0,11,15169,0,0,0,1,1,0
361,http://tianya.cn,16,1,3,1.0,2,1.0,0,0,0,0,9,4134,0,0,0,0,0,0
362,http://xinhuanet.com,20,1,3,1.0,2,1.0,0,0,0,0,13,4808,0,0,0,1,753,0
363,http://cnzz.com,15,1,3,1.0,2,1.0,0,0,0,0,8,37963,-1,-1,-1,-1,-1,0
364,http://ebay.it,14,1,3,1.0,2,1.0,0,0,0,0,7,11643,0,0,0,0,0,0
365,http://ig.com.br,16,2,4,1.0,3,1.0,0,0,0,0,9,14618,0,0,0,1,1,0
366,http://elpais.com,17,1,3,1.0,2,1.0,0,0,0,0,10,20940,0,0,0,0,0,0
367,http://americanexpress.com,26,1,3,1.0,2,1.0,0,0,0,0,19,-1,0,0,0,0,0,0
368,http://pof.com,14,1,3,1.0,2,1.0,0,0,0,0,7,54652,0,0,0,0,1,0
369,http://w3.org,13,1,3,1.0,2,1.0,0,0,0,0,6,3,0,0,0,0,0,0
370,http://surveymonkey.com,23,1,3,1.0,2,1.0,0,0,0,0,16,21788,0,0,0,1,0,0
371,http://odesk.com,16,1,3,1.0,2,1.0,0,0,0,0,9,-1,0,0,0,0,0,0
372,http://zippyshare.com,21,1,3,1.0,2,1.0,0,0,0,0,14,-1,0,0,0,1,0,0
373,http://4dsply.com,17,1,3,1.0,2,1.0,0,0,0,0,10,558,0,0,0,1,4,0
374,http://ebay.com.au,18,2,4,1.0,3,1.0,0,0,0,0,11,11643,0,0,0,0,0,0
375,http://snapdeal.com,19,1,3,1.0,2,1.0,0,0,0,0,12,-1,0,0,0,0,0,0
376,http://quora.com,16,1,3,1.0,2,1.0,0,0,0,0,9,-1,0,0,0,1,0,0
377,http://so.com,13,1,3,1.0,2,1.0,0,0,0,0,6,4837,0,0,0,1,0,0
378,http://yandex.ua,16,1,3,1.0,2,1.0,0,0,0,0,9,174,0,0,0,0,0,0
379,http://optmd.com,16,1,3,1.0,2,1.0,0,0,0,0,9,3356,0,0,0,1,8,0
380,http://quikr.com,16,1,3,1.0,2,1.0,0,0,0,0,9,2914,0,0,0,0,0,0
381,http://xcar.com.cn,18,2,4,1.0,3,1.0,0,0,0,0,11,9308,0,0,0,1,0,0
382,http://workercn.cn,18,1,3,1.0,2,1.0,0,0,0,0,11,-1,-1,-1,-1,-1,-1,0
383,http://p5w.net,14,1,3,1.0,2,1.0,0,0,0,0,7,-1,0,0,0,1,0,0
384,http://jqw.com,14,1,3,1.0,2,1.0,0,0,0,0,7,4134,0,0,0,1,980,0
385,http://google.no,16,1,3,1.0,2,1.0,0,0,0,0,9,15169,0,0,0,1,1,0
386,http://tudou.com,16,1,3,1.0,2,1.0,0,0,0,0,9,-1,0,0,0,1,0,0
387,http://cbssports.com,20,1,3,1.0,2,1.0,0,0,0,0,13,6623,0,0,0,1,1,0
388,http://google.com.my,20,2,4,1.0,3,1.0,0,0,0,0,13,15169,0,0,0,1,1,0
389,http://tinyurl.com,18,1,3,1.0,2,1.0,0,0,0,0,11,-1,0,0,0,0,0,0
390,http://goodgamestudios.com,26,1,3,1.0,2,1.0,0,0,0,0,19,-1,0,0,0,1,0,0
391,http://drudgereport.com,23,1,3,1.0,2,1.0,0,0,0,0,16,237,0,0,0,1,266,0
392,http://feedly.com,17,1,3,1.0,2,1.0,0,0,0,0,10,-1,0,0,0,0,0,0
393,http://groupon.com,18,1,3,1.0,2,1.0,0,0,0,0,11,2914,0,0,0,0,0,0
394,http://google.co.hu,19,2,4,1.0,3,1.0,0,0,0,0,12,15169,0,0,0,1,1,0
395,http://webs.com,15,1,3,1.0,2,1.0,0,0,0,0,8,-1,0,0,0,0,0,0
396,http://ad6media.fr,18,1,3,1.0,2,1.0,0,0,0,0,11,16276,0,0,0,0,0,0
397,http://123rf.com,16,1,3,1.0,2,1.0,0,0,0,0,9,24482,0,0,0,0,0,0
398,http://google.ae,16,1,3,1.0,2,1.0,0,0,0,0,9,15169,0,0,0,1,1,0
399,http://habrahabr.ru,19,1,3,1.0,2,1.0,0,0,0,0,12,197068,0,0,0,1,0,0
400,http://att.com,14,1,3,1.0,2,1.0,0,0,0,0,7,797,0,0,0,1,1,0
401,http://twitch.tv,16,1,3,1.0,2,1.0,0,0,0,0,9,-1,0,0,0,0,0,0
402,http://google.ie,16,1,3,1.0,2,1.0,0,0,0,0,9,15169,0,0,0,1,1,0
403,http://tagged.com,17,1,3,1.0,2,1.0,0,0,0,0,10,36080,0,0,0,0,0,0
404,http://blackhatworld.com,24,1,3,1.0,2,1.0,0,0,0,0,17,-1,0,0,0,1,0,0
405,http://hdfcbank.com,19,1,3,1.0,2,1.0,0,0,0,0,12,-1,0,0,0,0,0,0
406,http://getresponse.com,22,1,3,1.0,2,1.0,0,0,0,0,15,-1,0,0,0,1,0,0
407,http://dell.com,15,1,3,1.0,2,1.0,0,0,0,0,8,3614,0,0,0,0,0,0
408,http://mlb.com,14,1,3,1.0,2,1.0,0,0,0,0,7,-1,0,0,0,1,1,0
409,http://trafficunit.in,21,1,3,1.0,2,1.0,0,0,0,0,14,40034,0,0,0,1,0,0
410,http://match.com,16,1,3,1.0,2,1.0,0,0,0,0,9,19071,0,0,0,0,0,0
411,http://freelancer.com,21,1,3,1.0,2,1.0,0,0,0,0,14,-1,0,0,0,1,0,0
412,http://kakaku.com,17,1,3,1.0,2,1.0,0,0,0,0,10,4694,1,0,4,1,300,0
413,http://gazeta.pl,16,1,3,1.0,2,1.0,0,0,0,0,9,8535,0,0,0,1,1,0
414,http://elmundo.es,17,1,3,1.0,2,1.0,0,0,0,0,10,9052,0,0,0,1,0,0
415,http://goo.gl,13,1,3,1.0,2,1.0,0,0,0,0,6,15169,0,0,0,1,1,0
416,http://t-online.de,18,1,4,1.0,3,1.0,1,0,0,0,11,6805,0,0,0,0,0,0
417,http://clixsense.com,20,1,3,1.0,2,1.0,0,0,0,0,13,-1,0,0,0,1,0,0
418,http://twoo.com,15,1,3,1.0,2,1.0,0,0,0,0,8,41471,0,0,0,0,0,0
419,http://terra.com.br,19,2,4,1.0,3,1.0,0,0,0,0,12,40260,0,0,0,1,1,0
420,http://abcnews.go.com,21,2,4,1.0,3,1.0,0,0,0,0,14,-1,0,0,0,0,0,0
421,http://google.co.kr,19,2,4,1.0,3,1.0,0,0,0,0,12,15169,0,0,0,1,1,0
422,http://zendesk.com,18,1,3,1.0,2,1.0,0,0,0,0,11,-1,0,0,0,1,0,0
423,http://seznam.cz,16,1,3,1.0,2,1.0,0,0,0,0,9,43037,0,0,0,1,0,0
424,http://rapidgator.net,21,1,3,1.0,2,1.0,0,0,0,0,14,50098,0,0,0,1,0,0
425,http://uimserv.net,18,1,3,1.0,2,1.0,0,0,0,0,11,-1,-1,-1,-1,-1,-1,0
426,http://rt.com,13,1,3,1.0,2,1.0,0,0,0,0,6,42014,0,0,0,1,0,0
427,http://eyny.com,15,1,3,1.0,2,1.0,0,0,0,0,8,36351,0,0,0,0,0,0
428,http://abril.com.br,19,2,4,1.0,3,1.0,0,0,0,0,12,-1,0,0,0,0,1,0
429,http://ameba.jp,15,1,3,1.0,2,1.0,0,0,0,0,8,-1,0,0,0,1,1,0
430,http://microsoftonline.com,26,1,3,1.0,2,1.0,0,0,0,0,19,-1,-1,-1,-1,-1,-1,0
431,http://naukri.com,17,1,3,1.0,2,1.0,0,0,0,0,10,38895,0,0,0,1,0,0
432,http://blogspot.fr,18,1,3,1.0,2,1.0,0,0,0,0,11,15169,0,0,0,1,1,0
433,http://clicksor.com,19,1,3,1.0,2,1.0,0,0,0,0,12,22923,0,0,0,1,1,0
434,http://39.net,13,1,3,1.0,2,1.0,0,0,0,0,6,4847,0,0,0,1,0,0
435,http://time.com,15,1,3,1.0,2,1.0,0,0,0,0,8,-1,0,0,0,1,246,0
436,http://google.dk,16,1,3,1.0,2,1.0,0,0,0,0,9,15169,0,0,0,1,1,0
437,http://force.com,16,1,3,1.0,2,1.0,0,0,0,0,9,12008,0,0,0,0,0,0
438,http://webcrawler.com,21,1,3,1.0,2,1.0,0,0,0,0,14,-1,0,0,0,0,0,0
439,http://intoday.in,17,1,3,1.0,2,1.0,0,0,0,0,10,-1,0,0,0,1,1,0
440,http://ning.com,15,1,3,1.0,2,1.0,0,0,0,0,8,13535,0,0,0,1,0,0
441,http://ck101.com,16,1,3,1.0,2,1.0,0,0,0,0,9,-1,0,0,0,1,0,0
442,http://corriere.it,18,1,3,1.0,2,1.0,0,0,0,0,11,-1,0,0,0,1,1,0
443,http://google.az,16,1,3,1.0,2,1.0,0,0,0,0,9,15169,0,0,0,1,1,0
444,http://latimes.com,18,1,3,1.0,2,1.0,0,0,0,0,11,-1,0,0,0,0,1,0
445,http://pcbaby.com.cn,20,2,4,1.0,3,1.0,0,0,0,0,13,4134,0,0,0,1,0,0
446,http://jimdo.com,16,1,3,1.0,2,1.0,0,0,0,0,9,-1,0,0,0,0,0,0
447,http://cloudfront.net,21,1,3,1.0,2,1.0,0,0,0,0,14,-1,-1,-1,-1,-1,-1,0
448,http://elance.com,17,1,3,1.0,2,1.0,0,0,0,0,10,-1,0,0,0,0,0,0
449,http://likes.com,16,1,3,1.0,2,1.0,0,0,0,0,9,-1,0,0,0,1,2,0
450,http://typepad.com,18,1,3,1.0,2,1.0,0,0,0,0,11,-1,0,0,0,1,1,0
451,http://webmoney.ru,18,1,3,1.0,2,1.0,0,0,0,0,11,-1,0,0,0,1,0,0
452,http://list-manage.com,22,1,4,1.0,3,1.0,1,0,0,0,15,14782,0,0,0,0,0,0
453,http://capitalone.com,21,1,3,1.0,2,1.0,0,0,0,0,14,19769,0,0,0,0,0,0
454,http://pch.com,14,1,3,1.0,2,1.0,0,0,0,0,7,-1,0,0,0,1,1,0
455,http://adultfriendfinder.com,28,1,3,1.0,2,1.0,0,0,0,0,21,-1,0,0,0,1,1,0
456,http://youm7.com,16,1,3,1.0,2,1.0,0,0,0,0,9,-1,0,0,0,0,0,0
457,http://commentcamarche.net,26,1,3,1.0,2,1.0,0,0,0,0,19,43311,0,0,0,1,1,0
458,http://fbcdn.net,16,1,3,1.0,2,1.0,0,0,0,0,9,32934,0,0,0,0,0,0
459,http://google.co.il,19,2,4,1.0,3,1.0,0,0,0,0,12,15169,0,0,0,1,1,0
460,http://58.com,13,1,3,1.0,2,1.0,0,0,0,0,6,-1,0,0,0,0,0,0
461,http://retailmenot.com,22,1,3,1.0,2,1.0,0,0,0,0,15,16509,0,0,0,1,0,0
462,http://hypergames.net,21,1,3,1.0,2,1.0,0,0,0,0,14,40034,0,0,0,1,0,0
463,http://liveleak.com,19,1,3,1.0,2,1.0,0,0,0,0,12,13909,0,0,0,1,0,0
464,http://lemonde.fr,17,1,3,1.0,2,1.0,0,0,0,0,10,12876,0,0,0,0,0,0
465,http://exoclick.com,19,1,3,1.0,2,1.0,0,0,0,0,12,16276,0,0,0,1,0,0
466,http://java.com,15,1,3,1.0,2,1.0,0,0,0,0,8,20940,0,0,0,0,0,0
467,http://livescore.com,20,1,3,1.0,2,1.0,0,0,0,0,13,16509,0,0,0,0,0,0
468,http://foursquare.com,21,1,3,1.0,2,1.0,0,0,0,0,14,-1,0,0,0,0,0,0
469,http://xgo.com.cn,17,2,4,1.0,3,1.0,0,0,0,0,10,4808,0,0,0,1,1,0
